student_id,name,gender,attendance,avg_score,failed_attempts,fees_paid,course,dropout
1,Student_1,Male,93,46,0,1,M.Tech,0
2,Student_2,Female,56,43,4,1,MBA,1
3,Student_3,Male,48,60,3,1,M.Tech,1
4,Student_4,Male,72,53,0,1,B.Tech,0
5,Student_5,Male,92,89,3,0,B.Tech,1
6,Student_6,Female,59,74,4,1,M.Tech,1
7,Student_7,Male,52,32,2,1,B.Sc,1
8,Student_8,Male,67,66,4,1,M.Tech,1
9,Student_9,Male,87,72,1,1,MBA,0
10,Student_10,Female,68,69,3,0,B.Sc,1
11,Student_11,Male,52,84,3,1,MBA,1
12,Student_12,Male,85,68,1,1,M.Tech,0
13,Student_13,Male,74,44,1,1,B.Sc,0
14,Student_14,Male,45,33,2,1,MBA,1
15,Student_15,Female,57,54,3,1,M.Tech,1
16,Student_16,Male,90,42,3,1,M.Tech,1
17,Student_17,Female,44,62,2,0,B.Sc,1
18,Student_18,Female,86,45,0,1,M.Tech,0
19,Student_19,Female,64,71,2,1,B.Tech,0
20,Student_20,Male,41,95,4,1,MBA,1
21,Student_21,Female,49,84,3,1,MBA,1
22,Student_22,Male,95,71,1,1,M.Tech,0
23,Student_23,Female,69,63,4,0,M.Tech,1
24,Student_24,Female,89,59,3,1,B.Tech,1
25,Student_25,Female,98,42,2,1,B.Sc,0
26,Student_26,Female,84,42,4,1,M.Tech,1
27,Student_27,Female,44,47,3,1,M.Tech,1
28,Student_28,Female,94,61,0,1,M.Tech,0
29,Student_29,Female,95,68,0,1,M.Tech,0
30,Student_30,Female,72,75,1,0,MBA,1
31,Student_31,Male,93,58,3,1,M.Tech,1
32,Student_32,Male,40,91,0,1,MBA,1
33,Student_33,Female,57,91,2,0,M.Tech,1
34,Student_34,Female,71,86,3,0,B.Sc,1
35,Student_35,Female,86,45,2,1,B.Tech,0
36,Student_36,Male,88,85,2,1,B.Sc,0
37,Student_37,Female,50,39,0,1,M.Tech,1
38,Student_38,Male,60,59,3,0,M.Tech,1
39,Student_39,Male,65,54,4,1,M.Tech,1
40,Student_40,Male,64,34,0,1,B.Sc,1
41,Student_41,Male,61,94,0,1,M.Tech,0
42,Student_42,Male,98,78,3,1,B.Sc,1
43,Student_43,Female,66,32,3,1,MBA,1
44,Student_44,Female,88,74,2,1,B.Tech,0
45,Student_45,Female,52,43,3,1,B.Tech,1
46,Student_46,Female,72,59,2,1,B.Sc,0
47,Student_47,Female,73,97,0,1,MBA,0
48,Student_48,Male,80,47,1,1,B.Sc,0
49,Student_49,Female,74,91,4,1,MBA,1
50,Student_50,Female,40,66,0,0,M.Tech,1
51,Student_51,Male,60,54,3,0,MBA,1
52,Student_52,Female,87,77,4,0,MBA,1
53,Student_53,Male,94,94,1,1,MBA,0
54,Student_54,Female,45,82,1,1,B.Tech,1
55,Student_55,Male,67,44,2,0,MBA,1
56,Student_56,Female,56,78,4,1,M.Tech,1
57,Student_57,Female,44,97,2,1,M.Tech,1
58,Student_58,Male,70,41,0,1,M.Tech,0
59,Student_59,Male,44,88,4,1,MBA,1
60,Student_60,Male,77,66,0,1,B.Sc,0
61,Student_61,Male,42,90,2,0,B.Sc,1
62,Student_62,Male,92,72,4,1,M.Tech,1
63,Student_63,Male,62,99,2,1,B.Tech,0
64,Student_64,Male,76,68,4,1,B.Sc,1
65,Student_65,Male,92,85,2,1,MBA,0
66,Student_66,Female,76,92,1,1,B.Sc,0
67,Student_67,Female,49,75,2,0,M.Tech,1
68,Student_68,Male,49,40,1,0,B.Tech,1
69,Student_69,Female,58,91,2,1,B.Sc,1
70,Student_70,Female,56,54,4,1,B.Sc,1
71,Student_71,Female,60,81,4,0,M.Tech,1
72,Student_72,Female,53,33,4,1,B.Tech,1
73,Student_73,Male,48,88,3,1,B.Tech,1
74,Student_74,Female,85,49,0,1,M.Tech,0
75,Student_75,Male,40,92,4,1,MBA,1
76,Student_76,Female,90,83,1,1,B.Sc,0
77,Student_77,Female,84,86,4,1,MBA,1
78,Student_78,Female,52,70,3,0,B.Sc,1
79,Student_79,Male,43,32,1,1,B.Sc,1
80,Student_80,Female,40,35,3,1,MBA,1
81,Student_81,Male,88,34,1,1,M.Tech,1
82,Student_82,Female,79,34,2,1,M.Tech,1
83,Student_83,Male,71,83,0,1,B.Sc,0
84,Student_84,Female,73,76,0,1,M.Tech,0
85,Student_85,Male,67,78,3,1,B.Sc,1
86,Student_86,Male,70,38,0,1,M.Tech,1
87,Student_87,Female,47,49,3,0,B.Sc,1
88,Student_88,Male,78,90,3,1,M.Tech,1
89,Student_89,Female,65,64,3,1,B.Tech,1
90,Student_90,Female,97,79,0,0,MBA,1
91,Student_91,Female,73,91,3,1,B.Tech,1
92,Student_92,Female,93,46,0,1,MBA,0
93,Student_93,Female,93,32,3,1,MBA,1
94,Student_94,Female,42,61,4,1,B.Sc,1
95,Student_95,Female,98,42,3,1,MBA,1
96,Student_96,Female,89,97,1,1,B.Tech,0
97,Student_97,Female,51,43,3,1,B.Tech,1
98,Student_98,Female,40,40,2,0,M.Tech,1
99,Student_99,Female,93,85,3,1,B.Tech,1
100,Student_100,Male,83,96,1,1,M.Tech,0
101,Student_101,Male,44,58,1,1,MBA,1
102,Student_102,Female,69,38,0,1,B.Tech,1
103,Student_103,Female,69,96,4,1,MBA,1
104,Student_104,Female,98,54,3,0,B.Tech,1
105,Student_105,Female,96,71,0,1,B.Tech,0
106,Student_106,Female,56,38,4,1,M.Tech,1
107,Student_107,Female,87,69,3,1,MBA,1
108,Student_108,Female,86,54,2,0,B.Tech,1
109,Student_109,Female,62,34,3,0,B.Sc,1
110,Student_110,Male,54,40,1,1,MBA,1
111,Student_111,Female,76,88,1,1,MBA,0
112,Student_112,Male,60,67,2,1,MBA,0
113,Student_113,Female,53,34,0,1,M.Tech,1
114,Student_114,Female,41,77,4,1,B.Sc,1
115,Student_115,Male,50,47,3,1,MBA,1
116,Student_116,Female,90,99,1,1,B.Tech,0
117,Student_117,Male,78,66,0,1,B.Tech,0
118,Student_118,Female,77,89,2,0,M.Tech,1
119,Student_119,Female,99,77,1,1,B.Tech,0
120,Student_120,Male,73,57,2,0,MBA,1
121,Student_121,Female,77,98,3,1,B.Tech,1
122,Student_122,Male,89,69,4,1,MBA,1
123,Student_123,Female,73,74,1,0,B.Tech,1
124,Student_124,Male,57,91,1,1,B.Sc,1
125,Student_125,Male,69,87,3,1,M.Tech,1
126,Student_126,Female,54,96,0,1,M.Tech,1
127,Student_127,Female,66,85,4,1,B.Sc,1
128,Student_128,Male,90,69,1,0,B.Sc,1
129,Student_129,Female,73,69,4,1,M.Tech,1
130,Student_130,Female,91,62,1,1,B.Sc,0
131,Student_131,Female,96,35,4,1,MBA,1
132,Student_132,Male,77,48,2,1,B.Tech,0
133,Student_133,Male,72,69,1,1,M.Tech,0
134,Student_134,Male,63,88,4,1,B.Sc,1
135,Student_135,Male,54,88,0,1,MBA,1
136,Student_136,Male,99,77,2,1,M.Tech,0
137,Student_137,Male,69,70,2,1,B.Sc,0
138,Student_138,Male,94,42,0,1,M.Tech,0
139,Student_139,Male,81,74,4,1,B.Sc,1
140,Student_140,Male,90,82,3,1,M.Tech,1
141,Student_141,Female,56,71,0,1,MBA,1
142,Student_142,Male,44,92,4,1,MBA,1
143,Student_143,Female,68,56,0,0,B.Tech,1
144,Student_144,Female,43,67,0,1,M.Tech,1
145,Student_145,Female,49,89,1,0,B.Tech,1
146,Student_146,Male,95,36,4,1,M.Tech,1
147,Student_147,Male,56,34,3,1,B.Sc,1
148,Student_148,Male,49,74,1,0,B.Sc,1
149,Student_149,Male,56,87,0,0,B.Tech,1
150,Student_150,Female,99,60,0,0,M.Tech,1
151,Student_151,Male,59,52,0,1,B.Tech,1
152,Student_152,Male,63,71,4,1,MBA,1
153,Student_153,Male,44,39,4,1,B.Tech,1
154,Student_154,Male,73,61,1,1,B.Tech,0
155,Student_155,Male,45,82,3,1,B.Sc,1
156,Student_156,Female,92,59,1,1,B.Tech,0
157,Student_157,Male,41,68,2,1,M.Tech,1
158,Student_158,Female,52,60,0,1,B.Sc,1
159,Student_159,Male,82,31,0,1,B.Tech,1
160,Student_160,Female,82,41,0,1,MBA,0
161,Student_161,Male,87,68,1,1,B.Tech,0
162,Student_162,Male,50,95,1,1,B.Tech,1
163,Student_163,Female,90,42,0,1,B.Tech,0
164,Student_164,Female,86,75,1,1,B.Sc,0
165,Student_165,Female,96,56,4,1,M.Tech,1
166,Student_166,Male,62,46,4,1,MBA,1
167,Student_167,Female,94,89,1,1,B.Tech,0
168,Student_168,Male,55,93,0,1,M.Tech,1
169,Student_169,Male,70,64,1,1,M.Tech,0
170,Student_170,Female,50,99,1,0,B.Sc,1
171,Student_171,Female,93,59,1,1,MBA,0
172,Student_172,Male,55,92,2,1,B.Sc,1
173,Student_173,Male,47,57,4,1,M.Tech,1
174,Student_174,Female,43,89,3,0,M.Tech,1
175,Student_175,Female,79,66,3,0,M.Tech,1
176,Student_176,Female,43,51,2,1,B.Sc,1
177,Student_177,Male,95,97,1,1,MBA,0
178,Student_178,Male,64,49,2,1,B.Tech,0
179,Student_179,Male,42,97,2,1,B.Sc,1
180,Student_180,Male,71,93,0,1,M.Tech,0
181,Student_181,Male,42,46,4,1,B.Sc,1
182,Student_182,Male,66,41,3,1,M.Tech,1
183,Student_183,Female,68,51,1,1,B.Tech,0
184,Student_184,Male,71,46,3,1,B.Tech,1
185,Student_185,Male,89,39,3,0,MBA,1
186,Student_186,Male,97,94,4,1,M.Tech,1
187,Student_187,Female,90,51,3,1,MBA,1
188,Student_188,Male,58,79,3,1,MBA,1
189,Student_189,Male,60,43,2,1,B.Tech,0
190,Student_190,Female,44,93,4,0,B.Sc,1
191,Student_191,Male,57,76,0,0,B.Sc,1
192,Student_192,Male,67,58,1,1,MBA,0
193,Student_193,Male,81,65,3,0,B.Tech,1
194,Student_194,Male,61,81,1,1,M.Tech,0
195,Student_195,Male,60,36,0,1,B.Sc,1
196,Student_196,Female,45,58,1,0,MBA,1
197,Student_197,Female,40,40,0,1,B.Sc,1
198,Student_198,Female,44,62,2,1,B.Sc,1
199,Student_199,Male,80,35,3,1,M.Tech,1
200,Student_200,Male,51,61,0,1,B.Tech,1
201,Student_201,Male,65,80,1,1,M.Tech,0
202,Student_202,Female,85,87,3,0,B.Tech,1
203,Student_203,Male,73,55,2,1,B.Sc,0
204,Student_204,Male,88,75,3,1,MBA,1
205,Student_205,Female,53,58,0,1,M.Tech,1
206,Student_206,Male,65,33,2,1,B.Tech,1
207,Student_207,Female,84,42,1,1,B.Sc,0
208,Student_208,Female,66,68,2,1,B.Tech,0
209,Student_209,Female,48,44,2,1,B.Tech,1
210,Student_210,Male,65,58,4,1,B.Tech,1
211,Student_211,Male,96,58,2,1,B.Sc,0
212,Student_212,Male,86,61,2,1,MBA,0
213,Student_213,Male,96,31,3,1,MBA,1
214,Student_214,Male,61,76,1,0,MBA,1
215,Student_215,Male,86,51,3,1,B.Tech,1
216,Student_216,Male,95,56,3,1,B.Sc,1
217,Student_217,Female,69,96,0,1,B.Tech,0
218,Student_218,Male,82,85,3,1,MBA,1
219,Student_219,Female,87,50,4,1,MBA,1
220,Student_220,Male,56,76,4,1,B.Sc,1
221,Student_221,Male,65,88,0,1,B.Tech,0
222,Student_222,Male,75,35,1,1,M.Tech,1
223,Student_223,Female,40,48,1,0,M.Tech,1
224,Student_224,Female,47,86,3,1,MBA,1
225,Student_225,Female,88,98,3,1,B.Sc,1
226,Student_226,Female,74,32,3,0,B.Tech,1
227,Student_227,Male,91,30,1,1,B.Tech,1
228,Student_228,Female,54,87,2,1,MBA,1
229,Student_229,Male,86,67,4,1,MBA,1
230,Student_230,Male,95,44,2,0,B.Tech,1
231,Student_231,Female,61,63,2,1,B.Tech,0
232,Student_232,Female,53,90,1,1,MBA,1
233,Student_233,Female,65,64,2,1,B.Tech,0
234,Student_234,Female,67,93,0,1,M.Tech,0
235,Student_235,Female,62,54,3,1,MBA,1
236,Student_236,Female,53,53,0,0,B.Tech,1
237,Student_237,Female,63,41,4,1,MBA,1
238,Student_238,Female,41,47,3,1,B.Sc,1
239,Student_239,Male,84,44,2,1,MBA,0
240,Student_240,Female,65,56,4,1,MBA,1
241,Student_241,Female,53,89,3,1,B.Sc,1
242,Student_242,Male,98,75,2,1,M.Tech,0
243,Student_243,Female,95,46,0,1,B.Tech,0
244,Student_244,Male,90,82,3,1,B.Sc,1
245,Student_245,Male,46,37,2,1,MBA,1
246,Student_246,Female,42,56,0,1,B.Tech,1
247,Student_247,Male,86,75,4,1,B.Sc,1
248,Student_248,Male,62,79,4,1,B.Tech,1
249,Student_249,Male,85,32,4,1,B.Tech,1
250,Student_250,Male,82,93,4,1,B.Sc,1
251,Student_251,Female,86,73,1,0,B.Tech,1
252,Student_252,Male,99,82,3,1,M.Tech,1
253,Student_253,Female,84,53,3,1,B.Sc,1
254,Student_254,Male,57,89,1,1,M.Tech,1
255,Student_255,Male,97,32,2,1,MBA,1
256,Student_256,Male,77,49,2,1,B.Tech,0
257,Student_257,Male,74,75,4,1,MBA,1
258,Student_258,Female,90,44,0,1,MBA,0
259,Student_259,Female,54,54,2,1,B.Tech,1
260,Student_260,Male,64,46,0,1,B.Sc,0
261,Student_261,Male,94,38,3,1,B.Tech,1
262,Student_262,Female,76,67,0,0,MBA,1
263,Student_263,Male,67,77,3,1,MBA,1
264,Student_264,Male,49,89,1,1,B.Sc,1
265,Student_265,Male,78,92,1,1,B.Tech,0
266,Student_266,Female,96,31,4,0,MBA,1
267,Student_267,Female,56,40,2,1,M.Tech,1
268,Student_268,Female,78,93,4,0,MBA,1
269,Student_269,Male,61,50,3,1,MBA,1
270,Student_270,Male,65,47,4,1,B.Sc,1
271,Student_271,Female,83,93,0,1,M.Tech,0
272,Student_272,Female,64,67,3,1,MBA,1
273,Student_273,Female,56,61,1,1,MBA,1
274,Student_274,Female,52,40,2,1,M.Tech,1
275,Student_275,Male,59,74,3,1,B.Tech,1
276,Student_276,Female,64,62,3,1,B.Tech,1
277,Student_277,Male,43,70,0,0,MBA,1
278,Student_278,Female,49,37,2,1,MBA,1
279,Student_279,Male,42,40,1,1,B.Tech,1
280,Student_280,Female,80,80,3,1,B.Sc,1
281,Student_281,Female,84,70,3,0,M.Tech,1
282,Student_282,Female,57,46,0,1,M.Tech,1
283,Student_283,Female,86,75,4,1,B.Sc,1
284,Student_284,Male,75,61,1,1,B.Sc,0
285,Student_285,Female,86,83,2,0,B.Sc,1
286,Student_286,Male,61,49,3,1,B.Sc,1
287,Student_287,Male,73,62,3,0,B.Sc,1
288,Student_288,Male,86,69,1,1,B.Sc,0
289,Student_289,Male,47,61,4,1,M.Tech,1
290,Student_290,Female,79,31,3,1,B.Sc,1
291,Student_291,Male,88,62,1,1,B.Tech,0
292,Student_292,Male,83,59,0,1,B.Sc,0
293,Student_293,Male,58,62,4,1,B.Sc,1
294,Student_294,Female,81,55,2,1,M.Tech,0
295,Student_295,Female,80,51,3,1,M.Tech,1
296,Student_296,Female,76,95,1,1,B.Sc,0
297,Student_297,Female,45,67,0,1,M.Tech,1
298,Student_298,Male,91,75,2,0,MBA,1
299,Student_299,Male,65,44,1,1,M.Tech,0
300,Student_300,Female,73,73,1,0,M.Tech,1
301,Student_301,Male,98,78,2,1,M.Tech,0
302,Student_302,Male,95,90,0,1,M.Tech,0
303,Student_303,Male,98,96,0,1,B.Tech,0
304,Student_304,Female,84,35,4,1,B.Tech,1
305,Student_305,Female,45,38,3,1,B.Tech,1
306,Student_306,Male,76,35,2,1,B.Sc,1
307,Student_307,Female,96,61,2,1,B.Sc,0
308,Student_308,Female,72,70,2,1,MBA,0
309,Student_309,Female,92,37,0,0,B.Tech,1
310,Student_310,Female,61,79,3,1,B.Sc,1
311,Student_311,Female,60,91,4,1,M.Tech,1
312,Student_312,Male,45,91,1,1,M.Tech,1
313,Student_313,Female,45,36,1,1,B.Tech,1
314,Student_314,Male,94,33,2,1,MBA,1
315,Student_315,Male,87,35,3,0,MBA,1
316,Student_316,Female,43,87,0,1,M.Tech,1
317,Student_317,Male,69,51,3,1,MBA,1
318,Student_318,Male,50,55,3,1,B.Tech,1
319,Student_319,Male,69,32,0,1,M.Tech,1
320,Student_320,Female,70,70,2,1,B.Sc,0
321,Student_321,Female,63,89,3,0,B.Sc,1
322,Student_322,Male,94,43,1,1,MBA,0
323,Student_323,Female,48,41,0,1,M.Tech,1
324,Student_324,Female,94,41,4,0,M.Tech,1
325,Student_325,Female,42,42,2,1,B.Sc,1
326,Student_326,Female,90,54,0,1,M.Tech,0
327,Student_327,Male,70,74,4,1,M.Tech,1
328,Student_328,Male,79,48,4,1,M.Tech,1
329,Student_329,Female,76,84,3,0,MBA,1
330,Student_330,Female,75,74,3,1,M.Tech,1
331,Student_331,Male,63,37,3,0,B.Tech,1
332,Student_332,Male,70,82,0,1,MBA,0
333,Student_333,Female,45,84,0,0,M.Tech,1
334,Student_334,Male,41,61,2,1,M.Tech,1
335,Student_335,Female,59,80,3,1,B.Tech,1
336,Student_336,Female,67,73,4,1,MBA,1
337,Student_337,Male,50,99,1,1,B.Sc,1
338,Student_338,Male,43,47,2,1,B.Sc,1
339,Student_339,Female,54,51,0,1,MBA,1
340,Student_340,Female,45,66,2,1,M.Tech,1
341,Student_341,Male,93,85,2,1,M.Tech,0
342,Student_342,Female,88,88,2,1,B.Sc,0
343,Student_343,Male,69,32,2,1,B.Sc,1
344,Student_344,Female,95,57,1,1,B.Sc,0
345,Student_345,Male,77,64,3,1,B.Tech,1
346,Student_346,Male,90,90,4,1,B.Sc,1
347,Student_347,Male,96,83,2,1,B.Tech,0
348,Student_348,Female,41,92,2,0,MBA,1
349,Student_349,Female,54,36,2,0,M.Tech,1
350,Student_350,Male,50,78,3,1,B.Sc,1
351,Student_351,Female,47,60,0,1,M.Tech,1
352,Student_352,Male,65,87,0,0,M.Tech,1
353,Student_353,Male,90,90,1,1,B.Sc,0
354,Student_354,Female,84,53,0,1,B.Sc,0
355,Student_355,Female,83,49,2,1,MBA,0
356,Student_356,Male,44,66,2,1,B.Tech,1
357,Student_357,Female,45,33,2,0,B.Tech,1
358,Student_358,Female,65,49,1,1,M.Tech,0
359,Student_359,Male,93,89,2,1,B.Sc,0
360,Student_360,Male,43,53,0,1,MBA,1
361,Student_361,Female,58,79,3,1,MBA,1
362,Student_362,Male,59,78,3,1,MBA,1
363,Student_363,Male,72,80,4,1,MBA,1
364,Student_364,Female,59,65,0,1,MBA,1
365,Student_365,Male,88,95,2,1,B.Tech,0
366,Student_366,Male,51,63,3,1,B.Tech,1
367,Student_367,Female,86,65,0,1,B.Tech,0
368,Student_368,Female,40,35,3,0,B.Sc,1
369,Student_369,Male,65,68,2,0,M.Tech,1
370,Student_370,Male,53,71,3,1,MBA,1
371,Student_371,Female,77,87,4,1,B.Sc,1
372,Student_372,Female,76,41,4,1,MBA,1
373,Student_373,Female,50,32,3,1,B.Tech,1
374,Student_374,Female,75,47,0,1,B.Sc,0
375,Student_375,Male,52,69,0,1,B.Tech,1
376,Student_376,Female,82,50,0,1,MBA,0
377,Student_377,Female,42,44,3,1,MBA,1
378,Student_378,Male,72,55,0,0,M.Tech,1
379,Student_379,Female,45,37,2,1,MBA,1
380,Student_380,Male,89,71,4,1,B.Tech,1
381,Student_381,Female,95,73,2,1,MBA,0
382,Student_382,Female,49,43,0,1,M.Tech,1
383,Student_383,Female,44,31,2,1,M.Tech,1
384,Student_384,Male,62,66,0,1,B.Tech,0
385,Student_385,Male,49,98,3,0,B.Sc,1
386,Student_386,Female,83,67,2,1,MBA,0
387,Student_387,Male,41,70,3,1,M.Tech,1
388,Student_388,Male,52,91,3,0,MBA,1
389,Student_389,Male,79,89,1,0,MBA,1
390,Student_390,Male,41,43,0,1,B.Sc,1
391,Student_391,Male,59,31,4,0,M.Tech,1
392,Student_392,Male,40,99,0,1,MBA,1
393,Student_393,Female,76,46,4,1,M.Tech,1
394,Student_394,Female,48,57,0,1,B.Tech,1
395,Student_395,Male,56,95,3,1,B.Tech,1
396,Student_396,Female,48,64,2,1,MBA,1
397,Student_397,Female,50,34,2,1,M.Tech,1
398,Student_398,Female,54,94,1,0,MBA,1
399,Student_399,Female,63,69,4,1,M.Tech,1
400,Student_400,Male,77,85,4,1,M.Tech,1
401,Student_401,Female,94,65,4,1,B.Sc,1
402,Student_402,Female,74,74,3,1,B.Sc,1
403,Student_403,Male,69,52,4,1,B.Sc,1
404,Student_404,Male,70,76,2,0,MBA,1
405,Student_405,Female,88,60,3,0,B.Sc,1
406,Student_406,Female,44,40,0,1,B.Sc,1
407,Student_407,Female,99,39,4,1,B.Tech,1
408,Student_408,Female,83,96,4,0,M.Tech,1
409,Student_409,Female,89,43,0,1,M.Tech,0
410,Student_410,Female,53,39,4,1,B.Sc,1
411,Student_411,Male,92,30,0,1,M.Tech,1
412,Student_412,Female,95,34,3,1,B.Tech,1
413,Student_413,Female,50,49,2,0,B.Tech,1
414,Student_414,Male,48,37,0,1,B.Sc,1
415,Student_415,Male,73,72,1,1,B.Tech,0
416,Student_416,Male,51,30,0,1,M.Tech,1
417,Student_417,Male,74,86,4,1,MBA,1
418,Student_418,Female,74,93,3,0,M.Tech,1
419,Student_419,Female,40,57,3,1,MBA,1
420,Student_420,Female,79,66,0,1,B.Sc,0
421,Student_421,Female,61,76,2,1,MBA,0
422,Student_422,Female,99,66,1,1,B.Tech,0
423,Student_423,Female,68,78,3,1,M.Tech,1
424,Student_424,Male,47,73,4,1,MBA,1
425,Student_425,Female,50,85,4,1,M.Tech,1
426,Student_426,Male,80,57,2,1,B.Sc,0
427,Student_427,Male,76,35,3,1,B.Sc,1
428,Student_428,Female,53,90,0,1,B.Tech,1
429,Student_429,Male,99,49,4,1,B.Sc,1
430,Student_430,Female,69,31,2,0,MBA,1
431,Student_431,Male,74,66,3,1,B.Sc,1
432,Student_432,Female,60,49,3,1,B.Tech,1
433,Student_433,Male,76,55,3,1,M.Tech,1
434,Student_434,Female,44,58,3,1,M.Tech,1
435,Student_435,Female,58,30,3,1,B.Sc,1
436,Student_436,Female,98,64,4,1,MBA,1
437,Student_437,Female,53,99,2,1,B.Tech,1
438,Student_438,Female,65,88,3,1,MBA,1
439,Student_439,Male,43,98,1,1,B.Tech,1
440,Student_440,Male,64,62,1,1,B.Sc,0
441,Student_441,Male,84,80,2,1,B.Tech,0
442,Student_442,Female,81,41,0,1,B.Tech,0
443,Student_443,Male,64,49,0,1,B.Sc,0
444,Student_444,Female,57,82,0,1,MBA,1
445,Student_445,Female,79,72,1,1,B.Sc,0
446,Student_446,Male,47,79,0,1,B.Tech,1
447,Student_447,Male,78,58,4,1,B.Sc,1
448,Student_448,Female,79,86,3,0,B.Tech,1
449,Student_449,Male,53,68,1,1,B.Sc,1
450,Student_450,Female,71,85,2,1,M.Tech,0
451,Student_451,Female,90,72,2,1,M.Tech,0
452,Student_452,Female,77,79,3,0,B.Sc,1
453,Student_453,Female,72,52,1,1,MBA,0
454,Student_454,Female,62,73,0,1,B.Tech,0
455,Student_455,Male,54,67,0,0,M.Tech,1
456,Student_456,Male,72,52,4,1,MBA,1
457,Student_457,Female,64,74,4,1,B.Tech,1
458,Student_458,Female,56,81,0,0,M.Tech,1
459,Student_459,Male,72,79,2,1,M.Tech,0
460,Student_460,Male,86,37,2,1,B.Sc,1
461,Student_461,Female,94,30,4,1,B.Tech,1
462,Student_462,Male,41,37,3,1,MBA,1
463,Student_463,Female,53,58,0,0,MBA,1
464,Student_464,Male,92,34,4,0,MBA,1
465,Student_465,Female,79,76,4,0,B.Tech,1
466,Student_466,Male,79,63,0,0,MBA,1
467,Student_467,Female,90,94,0,1,MBA,0
468,Student_468,Male,78,84,2,1,MBA,0
469,Student_469,Male,90,72,3,1,B.Sc,1
470,Student_470,Female,45,59,3,1,B.Sc,1
471,Student_471,Male,45,46,0,0,B.Tech,1
472,Student_472,Female,42,55,1,1,B.Tech,1
473,Student_473,Male,46,37,4,1,MBA,1
474,Student_474,Female,90,76,4,1,B.Sc,1
475,Student_475,Male,47,75,0,1,M.Tech,1
476,Student_476,Female,81,97,1,1,M.Tech,0
477,Student_477,Male,91,62,2,1,MBA,0
478,Student_478,Female,54,30,0,1,MBA,1
479,Student_479,Male,86,48,0,1,B.Sc,0
480,Student_480,Female,68,60,4,1,B.Sc,1
481,Student_481,Female,72,43,0,1,B.Sc,0
482,Student_482,Female,91,82,0,1,B.Tech,0
483,Student_483,Male,69,77,0,1,B.Tech,0
484,Student_484,Female,78,98,4,1,MBA,1
485,Student_485,Male,66,91,2,1,B.Tech,0
486,Student_486,Female,75,95,2,1,B.Sc,0
487,Student_487,Male,68,93,0,1,B.Sc,0
488,Student_488,Female,77,99,4,1,B.Tech,1
489,Student_489,Male,96,92,2,0,M.Tech,1
490,Student_490,Male,72,62,2,1,MBA,0
491,Student_491,Female,76,70,2,1,M.Tech,0
492,Student_492,Male,66,77,4,1,MBA,1
493,Student_493,Male,94,42,4,0,M.Tech,1
494,Student_494,Female,72,60,0,1,B.Tech,0
495,Student_495,Male,43,97,3,1,MBA,1
496,Student_496,Male,61,33,2,1,MBA,1
497,Student_497,Male,41,48,3,1,MBA,1
498,Student_498,Female,49,99,4,1,B.Sc,1
499,Student_499,Male,44,42,4,1,B.Sc,1
500,Student_500,Female,98,52,4,1,M.Tech,1
501,Student_501,Male,49,30,3,0,B.Tech,1
502,Student_502,Male,72,83,4,1,B.Sc,1
503,Student_503,Male,93,44,0,0,MBA,1
504,Student_504,Female,77,94,4,1,B.Sc,1
505,Student_505,Male,52,44,1,1,B.Tech,1
506,Student_506,Male,70,50,3,0,B.Sc,1
507,Student_507,Female,86,48,1,0,MBA,1
508,Student_508,Male,75,89,4,0,M.Tech,1
509,Student_509,Female,84,62,0,1,MBA,0
510,Student_510,Female,63,78,2,1,B.Tech,0
511,Student_511,Male,91,64,4,1,M.Tech,1
512,Student_512,Female,95,73,0,0,B.Sc,1
513,Student_513,Male,54,40,3,0,B.Sc,1
514,Student_514,Female,68,95,1,0,B.Sc,1
515,Student_515,Female,47,75,1,0,M.Tech,1
516,Student_516,Male,44,38,1,1,MBA,1
517,Student_517,Female,68,32,3,1,M.Tech,1
518,Student_518,Female,86,55,0,1,M.Tech,0
519,Student_519,Female,43,77,3,0,B.Tech,1
520,Student_520,Female,51,95,1,1,M.Tech,1
521,Student_521,Female,84,99,4,1,B.Sc,1
522,Student_522,Male,41,57,2,1,MBA,1
523,Student_523,Female,66,55,3,1,MBA,1
524,Student_524,Male,70,54,3,0,MBA,1
525,Student_525,Female,90,41,0,1,B.Sc,0
526,Student_526,Male,90,34,0,1,B.Sc,1
527,Student_527,Male,75,77,3,1,B.Sc,1
528,Student_528,Female,75,66,1,1,B.Sc,0
529,Student_529,Female,65,73,2,1,B.Sc,0
530,Student_530,Female,82,44,0,1,M.Tech,0
531,Student_531,Male,66,72,1,1,B.Sc,0
532,Student_532,Female,44,77,4,1,B.Sc,1
533,Student_533,Male,59,99,0,1,B.Sc,1
534,Student_534,Male,50,75,1,1,B.Sc,1
535,Student_535,Male,49,72,1,1,MBA,1
536,Student_536,Female,79,50,2,0,B.Sc,1
537,Student_537,Female,77,52,2,1,M.Tech,0
538,Student_538,Male,45,76,4,1,M.Tech,1
539,Student_539,Male,47,44,1,1,M.Tech,1
540,Student_540,Female,62,54,1,1,B.Tech,0
541,Student_541,Male,86,65,2,1,MBA,0
542,Student_542,Female,65,80,0,0,B.Sc,1
543,Student_543,Male,85,44,0,1,B.Tech,0
544,Student_544,Female,82,97,3,0,B.Sc,1
545,Student_545,Male,51,50,2,1,B.Tech,1
546,Student_546,Female,65,42,3,0,B.Tech,1
547,Student_547,Male,52,48,2,1,M.Tech,1
548,Student_548,Female,79,63,4,1,M.Tech,1
549,Student_549,Female,57,97,1,1,B.Tech,1
550,Student_550,Male,64,81,4,1,M.Tech,1
551,Student_551,Male,72,56,2,1,B.Tech,0
552,Student_552,Female,86,58,1,1,MBA,0
553,Student_553,Male,79,57,0,1,M.Tech,0
554,Student_554,Female,99,64,0,0,M.Tech,1
555,Student_555,Male,82,37,3,1,M.Tech,1
556,Student_556,Female,51,45,2,0,MBA,1
557,Student_557,Female,83,65,2,1,B.Tech,0
558,Student_558,Female,75,59,0,1,B.Sc,0
559,Student_559,Female,87,47,4,1,M.Tech,1
560,Student_560,Female,43,31,1,1,B.Tech,1
561,Student_561,Female,44,78,4,1,MBA,1
562,Student_562,Male,95,33,4,0,B.Sc,1
563,Student_563,Male,76,36,0,1,M.Tech,1
564,Student_564,Male,47,68,0,1,MBA,1
565,Student_565,Female,81,42,0,1,MBA,0
566,Student_566,Female,88,60,3,1,B.Sc,1
567,Student_567,Female,67,92,4,1,B.Tech,1
568,Student_568,Female,70,85,2,1,M.Tech,0
569,Student_569,Male,97,71,1,1,M.Tech,0
570,Student_570,Male,48,90,3,1,B.Tech,1
571,Student_571,Female,93,71,2,1,B.Tech,0
572,Student_572,Male,90,85,4,0,B.Tech,1
573,Student_573,Male,68,65,0,1,B.Sc,0
574,Student_574,Female,53,97,4,1,B.Sc,1
575,Student_575,Male,79,36,1,1,M.Tech,1
576,Student_576,Female,80,83,3,0,B.Sc,1
577,Student_577,Male,61,30,3,1,MBA,1
578,Student_578,Female,50,73,1,1,M.Tech,1
579,Student_579,Female,62,74,2,1,B.Sc,0
580,Student_580,Female,40,76,2,1,B.Tech,1
581,Student_581,Female,85,42,3,0,MBA,1
582,Student_582,Male,76,51,3,1,B.Tech,1
583,Student_583,Female,60,50,0,1,M.Tech,0
584,Student_584,Female,65,38,2,1,B.Tech,1
585,Student_585,Female,85,55,1,1,B.Sc,0
586,Student_586,Male,75,38,2,0,B.Sc,1
587,Student_587,Female,93,44,0,1,M.Tech,0
588,Student_588,Male,62,39,3,0,B.Tech,1
589,Student_589,Female,96,71,3,1,M.Tech,1
590,Student_590,Male,40,53,0,1,B.Tech,1
591,Student_591,Male,93,78,1,1,MBA,0
592,Student_592,Female,94,55,3,1,B.Sc,1
593,Student_593,Male,90,66,4,1,M.Tech,1
594,Student_594,Female,79,97,3,1,MBA,1
595,Student_595,Female,54,79,4,1,MBA,1
596,Student_596,Female,60,53,0,1,M.Tech,0
597,Student_597,Male,86,48,0,1,M.Tech,0
598,Student_598,Male,48,89,3,0,MBA,1
599,Student_599,Female,92,68,2,1,B.Tech,0
600,Student_600,Female,48,47,4,1,MBA,1
601,Student_601,Male,49,48,1,1,M.Tech,1
602,Student_602,Female,91,65,3,1,MBA,1
603,Student_603,Female,96,84,1,1,B.Tech,0
604,Student_604,Female,92,98,3,0,B.Sc,1
605,Student_605,Male,65,76,2,1,B.Sc,0
606,Student_606,Male,80,78,2,1,MBA,0
607,Student_607,Male,74,62,2,1,B.Tech,0
608,Student_608,Female,91,50,2,0,B.Sc,1
609,Student_609,Female,64,51,0,1,MBA,0
610,Student_610,Female,65,77,0,1,MBA,0
611,Student_611,Male,50,66,4,1,B.Tech,1
612,Student_612,Female,77,44,1,0,M.Tech,1
613,Student_613,Female,41,64,3,1,MBA,1
614,Student_614,Female,46,61,3,1,M.Tech,1
615,Student_615,Female,57,40,0,1,M.Tech,1
616,Student_616,Male,66,39,3,1,B.Sc,1
617,Student_617,Male,73,86,0,1,M.Tech,0
618,Student_618,Female,66,54,4,1,B.Tech,1
619,Student_619,Male,56,31,1,0,B.Sc,1
620,Student_620,Male,82,93,4,1,B.Sc,1
621,Student_621,Female,98,64,2,1,B.Sc,0
622,Student_622,Female,83,36,2,1,MBA,1
623,Student_623,Male,98,47,2,0,MBA,1
624,Student_624,Female,90,96,4,0,M.Tech,1
625,Student_625,Male,93,71,3,1,B.Sc,1
626,Student_626,Female,63,68,1,1,B.Sc,0
627,Student_627,Male,64,70,2,1,B.Tech,0
628,Student_628,Female,46,53,2,1,M.Tech,1
629,Student_629,Male,91,89,2,1,B.Tech,0
630,Student_630,Male,45,75,1,1,M.Tech,1
631,Student_631,Male,92,48,2,1,M.Tech,0
632,Student_632,Female,63,97,1,1,MBA,0
633,Student_633,Male,72,71,2,1,MBA,0
634,Student_634,Male,88,61,4,0,B.Tech,1
635,Student_635,Female,68,68,4,1,M.Tech,1
636,Student_636,Female,82,65,1,1,B.Sc,0
637,Student_637,Male,61,65,4,1,MBA,1
638,Student_638,Male,65,32,1,1,B.Sc,1
639,Student_639,Female,67,37,4,1,B.Tech,1
640,Student_640,Female,89,99,4,1,MBA,1
641,Student_641,Female,60,70,1,1,MBA,0
642,Student_642,Female,88,97,3,1,M.Tech,1
643,Student_643,Female,46,42,4,1,B.Tech,1
644,Student_644,Male,56,78,2,1,M.Tech,1
645,Student_645,Female,59,89,3,0,MBA,1
646,Student_646,Male,80,31,1,0,B.Tech,1
647,Student_647,Male,88,89,3,1,MBA,1
648,Student_648,Male,59,34,0,1,B.Tech,1
649,Student_649,Female,93,73,0,1,MBA,0
650,Student_650,Male,61,56,4,1,B.Sc,1
651,Student_651,Male,67,61,4,1,B.Sc,1
652,Student_652,Female,79,50,2,1,M.Tech,0
653,Student_653,Male,88,37,3,1,B.Sc,1
654,Student_654,Male,46,79,0,1,MBA,1
655,Student_655,Female,40,96,4,1,MBA,1
656,Student_656,Male,71,73,3,1,B.Sc,1
657,Student_657,Male,52,87,4,1,M.Tech,1
658,Student_658,Male,69,32,4,1,B.Sc,1
659,Student_659,Female,62,99,0,0,B.Tech,1
660,Student_660,Female,90,31,0,1,B.Tech,1
661,Student_661,Female,98,73,4,1,B.Tech,1
662,Student_662,Male,95,31,1,1,B.Sc,1
663,Student_663,Male,58,64,4,1,B.Sc,1
664,Student_664,Female,71,59,4,1,B.Sc,1
665,Student_665,Male,69,37,2,1,B.Tech,1
666,Student_666,Male,68,51,2,1,M.Tech,0
667,Student_667,Female,88,73,2,1,MBA,0
668,Student_668,Female,84,87,1,0,B.Sc,1
669,Student_669,Male,68,65,1,0,M.Tech,1
670,Student_670,Male,69,98,4,1,MBA,1
671,Student_671,Male,55,60,2,1,MBA,1
672,Student_672,Female,79,76,1,1,MBA,0
673,Student_673,Female,58,84,0,0,M.Tech,1
674,Student_674,Female,57,91,4,1,M.Tech,1
675,Student_675,Female,40,59,3,0,B.Tech,1
676,Student_676,Male,53,84,4,1,M.Tech,1
677,Student_677,Female,90,45,3,1,M.Tech,1
678,Student_678,Female,86,41,2,1,M.Tech,0
679,Student_679,Female,89,46,3,0,MBA,1
680,Student_680,Female,41,45,2,1,B.Sc,1
681,Student_681,Female,93,41,0,1,B.Tech,0
682,Student_682,Male,67,37,3,1,B.Sc,1
683,Student_683,Male,88,32,4,1,B.Sc,1
684,Student_684,Female,89,45,2,1,M.Tech,0
685,Student_685,Male,69,59,4,1,B.Tech,1
686,Student_686,Female,77,52,1,1,B.Sc,0
687,Student_687,Female,90,34,2,1,B.Sc,1
688,Student_688,Male,43,94,3,1,B.Tech,1
689,Student_689,Male,40,59,2,1,M.Tech,1
690,Student_690,Female,47,50,4,1,B.Sc,1
691,Student_691,Female,68,99,0,0,MBA,1
692,Student_692,Female,94,51,2,0,B.Sc,1
693,Student_693,Male,78,61,3,1,MBA,1
694,Student_694,Female,42,62,1,1,M.Tech,1
695,Student_695,Female,71,45,0,1,B.Sc,0
696,Student_696,Female,49,67,1,1,B.Tech,1
697,Student_697,Male,49,43,2,1,B.Tech,1
698,Student_698,Female,58,65,4,1,B.Sc,1
699,Student_699,Female,85,52,4,1,M.Tech,1
700,Student_700,Male,73,95,3,0,M.Tech,1
701,Student_701,Female,99,31,4,1,B.Tech,1
702,Student_702,Female,72,94,0,0,B.Sc,1
703,Student_703,Male,62,96,4,0,M.Tech,1
704,Student_704,Female,94,81,3,1,B.Tech,1
705,Student_705,Male,67,91,2,1,MBA,0
706,Student_706,Male,71,52,2,1,B.Sc,0
707,Student_707,Female,89,55,4,1,MBA,1
708,Student_708,Female,46,97,1,1,MBA,1
709,Student_709,Female,68,84,2,1,M.Tech,0
710,Student_710,Female,47,35,4,0,M.Tech,1
711,Student_711,Male,40,64,3,1,M.Tech,1
712,Student_712,Female,96,51,4,1,B.Sc,1
713,Student_713,Male,94,72,2,1,MBA,0
714,Student_714,Female,42,44,3,0,B.Sc,1
715,Student_715,Female,63,89,4,1,M.Tech,1
716,Student_716,Female,62,41,0,1,MBA,0
717,Student_717,Male,98,78,3,1,B.Sc,1
718,Student_718,Female,47,71,0,1,B.Sc,1
719,Student_719,Female,93,67,1,1,B.Tech,0
720,Student_720,Female,96,74,3,1,B.Sc,1
721,Student_721,Female,86,64,0,1,M.Tech,0
722,Student_722,Male,76,59,2,1,B.Sc,0
723,Student_723,Female,42,59,2,1,MBA,1
724,Student_724,Male,90,35,1,1,B.Sc,1
725,Student_725,Male,72,96,3,1,B.Tech,1
726,Student_726,Male,67,36,3,1,MBA,1
727,Student_727,Male,86,81,3,1,MBA,1
728,Student_728,Male,47,43,1,1,B.Tech,1
729,Student_729,Male,73,44,3,1,M.Tech,1
730,Student_730,Female,74,50,2,1,MBA,0
731,Student_731,Male,71,64,0,1,M.Tech,0
732,Student_732,Male,63,95,2,1,MBA,0
733,Student_733,Male,53,31,2,1,MBA,1
734,Student_734,Female,71,64,0,1,M.Tech,0
735,Student_735,Female,95,49,2,1,MBA,0
736,Student_736,Male,85,39,1,1,M.Tech,1
737,Student_737,Female,82,54,0,1,B.Tech,0
738,Student_738,Male,55,95,2,1,M.Tech,1
739,Student_739,Male,43,54,4,1,B.Tech,1
740,Student_740,Female,91,83,2,0,MBA,1
741,Student_741,Male,76,62,1,1,M.Tech,0
742,Student_742,Female,93,65,3,1,MBA,1
743,Student_743,Female,60,43,2,1,M.Tech,0
744,Student_744,Male,53,94,3,1,B.Tech,1
745,Student_745,Male,70,83,4,1,B.Tech,1
746,Student_746,Female,94,81,2,0,M.Tech,1
747,Student_747,Male,87,32,0,1,B.Tech,1
748,Student_748,Male,57,70,3,1,MBA,1
749,Student_749,Male,46,35,4,1,MBA,1
750,Student_750,Female,49,54,0,1,B.Sc,1
751,Student_751,Female,46,42,0,1,B.Tech,1
752,Student_752,Male,72,37,0,0,MBA,1
753,Student_753,Female,62,50,0,1,M.Tech,0
754,Student_754,Female,60,97,2,1,B.Tech,0
755,Student_755,Female,58,54,2,0,MBA,1
756,Student_756,Female,87,97,2,1,B.Tech,0
757,Student_757,Female,58,74,4,1,M.Tech,1
758,Student_758,Male,75,89,4,1,MBA,1
759,Student_759,Male,68,41,4,1,B.Sc,1
760,Student_760,Male,99,61,1,0,B.Sc,1
761,Student_761,Female,57,42,4,0,B.Tech,1
762,Student_762,Female,41,60,2,1,M.Tech,1
763,Student_763,Male,40,49,2,1,MBA,1
764,Student_764,Female,86,47,1,1,M.Tech,0
765,Student_765,Male,44,89,1,1,MBA,1
766,Student_766,Male,59,92,4,1,B.Tech,1
767,Student_767,Male,50,35,3,1,MBA,1
768,Student_768,Female,81,61,1,1,M.Tech,0
769,Student_769,Female,41,72,0,1,M.Tech,1
770,Student_770,Male,42,31,2,1,B.Tech,1
771,Student_771,Male,62,89,0,0,M.Tech,1
772,Student_772,Male,94,52,2,1,MBA,0
773,Student_773,Male,51,60,2,1,B.Tech,1
774,Student_774,Female,59,34,1,1,MBA,1
775,Student_775,Female,44,63,1,1,M.Tech,1
776,Student_776,Male,76,39,0,1,B.Tech,1
777,Student_777,Male,77,31,2,1,MBA,1
778,Student_778,Female,69,40,0,0,M.Tech,1
779,Student_779,Female,48,79,3,0,M.Tech,1
780,Student_780,Male,73,60,0,1,B.Sc,0
781,Student_781,Male,92,85,4,0,M.Tech,1
782,Student_782,Male,83,38,0,1,MBA,1
783,Student_783,Female,74,50,4,1,B.Tech,1
784,Student_784,Female,91,57,4,1,B.Sc,1
785,Student_785,Female,97,91,4,1,M.Tech,1
786,Student_786,Male,61,36,3,1,M.Tech,1
787,Student_787,Male,83,45,0,1,M.Tech,0
788,Student_788,Female,63,33,0,1,MBA,1
789,Student_789,Female,56,33,3,0,B.Sc,1
790,Student_790,Male,49,69,2,1,MBA,1
791,Student_791,Female,69,46,1,1,B.Sc,0
792,Student_792,Female,95,81,0,1,B.Tech,0
793,Student_793,Male,98,81,1,1,MBA,0
794,Student_794,Female,85,65,3,0,MBA,1
795,Student_795,Male,62,67,2,1,B.Tech,0
796,Student_796,Male,71,79,2,1,B.Sc,0
797,Student_797,Male,56,92,2,1,M.Tech,1
798,Student_798,Male,89,92,3,1,B.Tech,1
799,Student_799,Male,90,91,4,1,M.Tech,1
800,Student_800,Male,56,36,4,0,M.Tech,1
801,Student_801,Male,53,56,1,1,B.Tech,1
802,Student_802,Female,48,43,4,0,B.Sc,1
803,Student_803,Male,79,34,4,1,M.Tech,1
804,Student_804,Male,41,84,2,1,B.Tech,1
805,Student_805,Female,84,31,2,1,MBA,1
806,Student_806,Female,64,91,1,1,MBA,0
807,Student_807,Female,78,50,0,0,MBA,1
808,Student_808,Male,48,50,1,1,B.Tech,1
809,Student_809,Female,93,39,1,0,MBA,1
810,Student_810,Male,61,87,3,1,M.Tech,1
811,Student_811,Male,82,68,3,1,MBA,1
812,Student_812,Male,85,34,1,1,MBA,1
813,Student_813,Male,43,94,1,1,M.Tech,1
814,Student_814,Female,65,42,1,0,MBA,1
815,Student_815,Female,97,82,4,0,M.Tech,1
816,Student_816,Male,68,74,3,0,MBA,1
817,Student_817,Male,84,61,1,1,M.Tech,0
818,Student_818,Male,73,65,2,1,MBA,0
819,Student_819,Female,62,89,2,1,M.Tech,0
820,Student_820,Male,76,40,4,1,B.Tech,1
821,Student_821,Male,50,92,4,1,M.Tech,1
822,Student_822,Female,45,50,0,1,MBA,1
823,Student_823,Female,57,81,0,1,MBA,1
824,Student_824,Male,60,84,0,1,B.Sc,0
825,Student_825,Female,81,55,4,1,M.Tech,1
826,Student_826,Female,75,97,4,0,B.Tech,1
827,Student_827,Male,80,63,4,1,M.Tech,1
828,Student_828,Female,77,81,2,1,M.Tech,0
829,Student_829,Male,73,81,4,1,B.Tech,1
830,Student_830,Female,56,58,2,0,M.Tech,1
831,Student_831,Male,76,67,0,1,B.Tech,0
832,Student_832,Male,64,71,0,1,B.Tech,0
833,Student_833,Male,77,50,0,0,M.Tech,1
834,Student_834,Female,97,71,1,1,M.Tech,0
835,Student_835,Male,51,42,1,1,MBA,1
836,Student_836,Female,62,93,3,0,MBA,1
837,Student_837,Male,92,46,3,0,B.Sc,1
838,Student_838,Male,81,38,3,1,B.Sc,1
839,Student_839,Female,61,70,1,1,M.Tech,0
840,Student_840,Male,60,30,1,1,B.Tech,1
841,Student_841,Male,66,31,3,1,B.Sc,1
842,Student_842,Female,96,89,3,0,M.Tech,1
843,Student_843,Male,70,77,4,1,B.Sc,1
844,Student_844,Male,45,58,3,1,B.Tech,1
845,Student_845,Male,66,39,4,0,M.Tech,1
846,Student_846,Male,79,87,2,1,B.Tech,0
847,Student_847,Female,73,89,1,1,M.Tech,0
848,Student_848,Female,51,50,3,1,B.Sc,1
849,Student_849,Male,84,57,1,0,MBA,1
850,Student_850,Female,96,63,1,1,B.Sc,0
851,Student_851,Male,92,37,1,1,B.Sc,1
852,Student_852,Female,46,88,2,1,MBA,1
853,Student_853,Male,49,78,0,0,MBA,1
854,Student_854,Male,84,46,3,1,M.Tech,1
855,Student_855,Male,56,89,0,1,M.Tech,1
856,Student_856,Male,65,74,0,1,B.Tech,0
857,Student_857,Male,60,98,0,1,B.Tech,0
858,Student_858,Male,67,61,1,1,B.Sc,0
859,Student_859,Female,97,73,4,1,MBA,1
860,Student_860,Male,85,94,1,1,B.Tech,0
861,Student_861,Female,41,37,1,1,B.Sc,1
862,Student_862,Male,99,72,0,1,MBA,0
863,Student_863,Female,93,30,1,1,M.Tech,1
864,Student_864,Female,82,80,0,1,B.Sc,0
865,Student_865,Female,40,53,4,1,M.Tech,1
866,Student_866,Male,90,53,3,1,B.Tech,1
867,Student_867,Male,92,46,0,0,B.Tech,1
868,Student_868,Female,75,34,4,1,MBA,1
869,Student_869,Male,90,49,3,1,B.Sc,1
870,Student_870,Female,65,50,2,1,M.Tech,0
871,Student_871,Male,68,87,0,1,MBA,0
872,Student_872,Female,60,60,0,1,B.Tech,0
873,Student_873,Female,50,40,2,1,B.Tech,1
874,Student_874,Male,79,81,2,1,B.Sc,0
875,Student_875,Female,50,44,0,1,M.Tech,1
876,Student_876,Male,75,36,2,1,B.Sc,1
877,Student_877,Female,88,57,1,1,M.Tech,0
878,Student_878,Female,98,80,3,1,M.Tech,1
879,Student_879,Male,78,87,3,0,B.Sc,1
880,Student_880,Male,79,34,3,0,MBA,1
881,Student_881,Male,74,34,1,1,B.Sc,1
882,Student_882,Female,93,37,2,0,B.Sc,1
883,Student_883,Male,73,93,4,1,B.Tech,1
884,Student_884,Female,94,39,2,1,B.Tech,1
885,Student_885,Female,86,67,0,1,B.Sc,0
886,Student_886,Male,63,37,3,1,B.Sc,1
887,Student_887,Male,93,54,2,1,B.Tech,0
888,Student_888,Female,61,95,4,1,M.Tech,1
889,Student_889,Female,44,79,0,1,B.Sc,1
890,Student_890,Male,95,96,1,1,MBA,0
891,Student_891,Male,72,78,1,0,MBA,1
892,Student_892,Male,97,65,4,1,MBA,1
893,Student_893,Male,75,97,0,0,B.Sc,1
894,Student_894,Male,86,70,3,1,M.Tech,1
895,Student_895,Female,59,91,2,1,M.Tech,1
896,Student_896,Female,58,39,0,0,B.Tech,1
897,Student_897,Female,74,50,1,1,B.Sc,0
898,Student_898,Female,91,65,4,1,M.Tech,1
899,Student_899,Male,82,41,4,1,B.Sc,1
900,Student_900,Male,56,31,2,1,B.Tech,1
901,Student_901,Male,98,42,4,1,B.Tech,1
902,Student_902,Female,84,82,4,0,B.Tech,1
903,Student_903,Female,82,61,0,1,MBA,0
904,Student_904,Male,73,45,3,1,B.Sc,1
905,Student_905,Male,48,61,2,1,B.Tech,1
906,Student_906,Female,65,61,0,0,B.Sc,1
907,Student_907,Female,41,40,3,1,MBA,1
908,Student_908,Male,92,39,0,1,MBA,1
909,Student_909,Male,48,44,0,1,B.Tech,1
910,Student_910,Female,48,46,4,0,B.Tech,1
911,Student_911,Male,79,69,3,1,M.Tech,1
912,Student_912,Male,56,47,2,1,B.Sc,1
913,Student_913,Male,40,84,2,1,B.Tech,1
914,Student_914,Female,64,54,3,1,M.Tech,1
915,Student_915,Female,82,88,4,1,B.Sc,1
916,Student_916,Female,79,51,1,1,B.Tech,0
917,Student_917,Female,81,59,0,0,M.Tech,1
918,Student_918,Female,64,73,4,1,M.Tech,1
919,Student_919,Female,78,61,3,1,B.Sc,1
920,Student_920,Female,74,80,0,1,M.Tech,0
921,Student_921,Male,42,75,2,1,B.Sc,1
922,Student_922,Male,89,50,1,0,B.Sc,1
923,Student_923,Male,76,61,2,1,B.Sc,0
924,Student_924,Male,83,68,3,1,MBA,1
925,Student_925,Male,83,41,0,0,M.Tech,1
926,Student_926,Male,90,76,3,1,B.Sc,1
927,Student_927,Male,69,47,0,1,B.Tech,0
928,Student_928,Female,77,50,4,0,MBA,1
929,Student_929,Female,73,42,1,1,MBA,0
930,Student_930,Male,51,50,4,1,M.Tech,1
931,Student_931,Male,58,37,4,1,B.Sc,1
932,Student_932,Female,76,75,3,1,M.Tech,1
933,Student_933,Male,83,36,1,1,MBA,1
934,Student_934,Male,98,52,0,1,B.Sc,0
935,Student_935,Female,98,51,0,1,B.Tech,0
936,Student_936,Male,88,51,2,0,B.Sc,1
937,Student_937,Female,56,58,0,1,MBA,1
938,Student_938,Male,49,42,3,1,B.Tech,1
939,Student_939,Female,96,31,4,1,B.Sc,1
940,Student_940,Female,94,58,4,1,B.Tech,1
941,Student_941,Female,88,81,4,1,B.Tech,1
942,Student_942,Male,86,56,1,1,MBA,0
943,Student_943,Female,51,79,0,1,B.Tech,1
944,Student_944,Male,55,52,3,0,M.Tech,1
945,Student_945,Male,63,73,1,0,MBA,1
946,Student_946,Male,58,51,2,1,M.Tech,1
947,Student_947,Male,47,72,3,1,B.Tech,1
948,Student_948,Female,70,66,3,1,M.Tech,1
949,Student_949,Female,60,90,3,1,B.Sc,1
950,Student_950,Male,56,85,4,1,B.Tech,1
951,Student_951,Male,62,32,3,1,B.Sc,1
952,Student_952,Female,76,92,0,1,M.Tech,0
953,Student_953,Male,93,48,3,0,B.Sc,1
954,Student_954,Female,55,52,4,0,B.Tech,1
955,Student_955,Male,45,58,3,1,B.Sc,1
956,Student_956,Male,47,59,2,1,M.Tech,1
957,Student_957,Female,64,68,2,1,M.Tech,0
958,Student_958,Male,57,54,4,0,M.Tech,1
959,Student_959,Female,64,37,0,0,B.Tech,1
960,Student_960,Male,51,87,0,1,M.Tech,1
961,Student_961,Male,54,45,1,1,B.Tech,1
962,Student_962,Male,98,30,4,0,B.Sc,1
963,Student_963,Female,65,34,3,1,M.Tech,1
964,Student_964,Male,80,32,4,0,B.Sc,1
965,Student_965,Male,84,94,1,1,MBA,0
966,Student_966,Male,65,33,4,1,B.Sc,1
967,Student_967,Male,86,93,4,0,MBA,1
968,Student_968,Female,71,39,1,1,B.Sc,1
969,Student_969,Female,49,50,0,1,B.Tech,1
970,Student_970,Male,55,75,3,1,B.Sc,1
971,Student_971,Female,46,56,1,1,B.Tech,1
972,Student_972,Male,56,95,2,0,B.Tech,1
973,Student_973,Male,62,70,0,1,M.Tech,0
974,Student_974,Male,65,42,2,1,B.Tech,0
975,Student_975,Female,60,38,0,1,MBA,1
976,Student_976,Female,61,65,3,1,M.Tech,1
977,Student_977,Female,97,87,3,1,M.Tech,1
978,Student_978,Female,46,83,4,1,B.Sc,1
979,Student_979,Female,53,41,2,0,B.Tech,1
980,Student_980,Female,54,43,0,0,B.Tech,1
981,Student_981,Female,92,63,3,1,MBA,1
982,Student_982,Female,46,82,1,1,B.Sc,1
983,Student_983,Female,48,49,3,1,B.Sc,1
984,Student_984,Male,90,45,1,1,M.Tech,0
985,Student_985,Female,87,99,0,1,M.Tech,0
986,Student_986,Female,47,85,3,0,M.Tech,1
987,Student_987,Female,89,87,3,1,MBA,1
988,Student_988,Female,98,33,0,1,MBA,1
989,Student_989,Female,62,33,3,1,M.Tech,1
990,Student_990,Female,68,49,1,1,B.Sc,0
991,Student_991,Female,57,39,3,1,MBA,1
992,Student_992,Female,70,53,2,1,B.Sc,0
993,Student_993,Female,69,55,4,1,B.Sc,1
994,Student_994,Female,91,66,1,1,B.Tech,0
995,Student_995,Female,78,83,2,1,M.Tech,0
996,Student_996,Male,74,50,0,1,B.Tech,0
997,Student_997,Male,57,67,1,1,M.Tech,1
998,Student_998,Female,98,75,4,1,M.Tech,1
999,Student_999,Female,81,33,4,1,B.Sc,1
1000,Student_1000,Male,78,89,0,1,M.Tech,0
